Газонокосилка электрическая Bosch Rotak 32 (0.600.885.B00),349
Газонокосилка электрическая Makita ELM3320,448
Газонокосилка бензиновая Eco LG-633,945
Газонокосилка бензиновая Eco LG-734,1099
Газонокосилка бензиновая Eco LG-435,595
Газонокосилка электрическая Makita ELM3720,596
Газонокосилка бензиновая Eco LG-434,839
Газонокосилка бензиновая Stiga Collector 48 S (2L0482048/ST1),1601
Газонокосилка электрическая Stiga Collector 39 E (297370068/ST1),530
Газонокосилка электрическая Oasis GE-110,254
Газонокосилка бензиновая Eco LG-533,807
Газонокосилка бензиновая Champion LM5347,1282
Газонокосилка электрическая Makita DLM432CT2,1104
Газонокосилка бензиновая Eco LG-634 EC1506-2,885
Газонокосилка бензиновая Champion LM4215,628
Газонокосилка электрическая Fubag FEL 38M / 31774,512
Газонокосилка бензиновая Eco LG-810 EC1507-3,723
Газонокосилка электрическая Bosch CityMower 18 (0.600.8B9.A00),875
Газонокосилка электрическая Stiga Combi 36 E (294340068/S15),609
Газонокосилка электрическая Makita DLM432PT2,1298
Газонокосилка электрическая Huter ELM-1800 (70/4/5),529
Газонокосилка электрическая AL-KO Comfort 34 E (112857),547
Газонокосилка бензиновая Champion LM5345,1197
Газонокосилка бензиновая Eco LG-534 EC1505-1,835
Газонокосилка бензиновая Skiper GW401,557
Газонокосилка электрическая Makita ELM4620,1282
Газонокосилка бензиновая Stiga Combi 753 S (2L0536848/ST2),2079
Газонокосилка электрическая Huter ELM-1000 (70/4/3),303
Газонокосилка электрическая AL-KO Comfort 40 E (112858),780
Газонокосилка бензиновая Champion LM4630,903
Газонокосилка электрическая Makita DLM382CM2,1000
Газонокосилка электрическая Wortex LM 3213-1 P (LM32131P0019),349
Газонокосилка электрическая MTD Smart 38 E (18AKIAS-600),488
Газонокосилка электрическая Huter ELM-11А32 (70/4/14),326
Газонокосилка бензиновая Huter GLM-3.5 LT (70/3/6),762
Газонокосилка электрическая Stiga Collector 140 AE Kit (291382068/ST1),949
Газонокосилка электрическая Makita DLM382PM2A1,1103
Газонокосилка бензиновая Huter GLM-5.0 ST (70/3/5),1155
Газонокосилка электрическая Huter ELM-1800P (70/4/7),647
Газонокосилка электрическая ВИТЯЗЬ ГКЭ-1500,327
Газонокосилка бензиновая Huter GLM-460ST (70/3/10),1155
Газонокосилка электрическая Ставр ГКЭ-1400М,365
Газонокосилка электрическая Fubag FEL 33 / 31773,397
Газонокосилка электрическая Hyundai LE 3220,401
Газонокосилка бензиновая Oleo-Mac G 53TK Allroad Plus 4 (66079074E5),1793
Газонокосилка электрическая Huter ELM-1300/33 (70/4/18),359
Газонокосилка бензиновая Oleo-Mac G 48 TBQ COMFORT PLUS,1701
Газонокосилка электрическая Greenworks G40LM35K2 (2501907UA),1028
Газонокосилка бензиновая Daewoo Power DLM 5100SV,1744
Газонокосилка бензиновая Huter GLM-5.0 S (70/3/2),1373
Газонокосилка механическая Stiga SCM 440 FS (290401608/S15),576
Газонокосилка бензиновая Fubag FPL 46 / 31776,1049
Газонокосилка электрическая Wortex LM 4018 P (LM4018P0019),533
Газонокосилка электрическая Bosch Rotak 32 Li (0.600.885.D06),1511
Газонокосилка электрическая Einhell GE-CM 36/33 Li (3413210),847
Газонокосилка бензиновая Huter GLM-3.5T (70/3/4),941
Газонокосилка бензиновая MTD SPKV 53 HW Advance (12AKPN7D600),2690
Газонокосилка бензиновая Hyundai L 5120S,1726
Газонокосилка бензиновая PATRIOT PT 400 (512109400),741
Газонокосилка бензиновая Sanli LBP 510 S9B (00000007282),1520
Газонокосилка электрическая Huter ELM-1400 (70/4/4),510
Газонокосилка электрическая MTD Optima 38 E (18AKIJH-600),633
Газонокосилка бензиновая DeWORKS L 50SV,1256
Газонокосилка электрическая Hyundai LE 4220,722
Газонокосилка электрическая Worx WG779E.9,483
Газонокосилка бензиновая Stiga Multiclip 47 (298471048/ST1),1051
Газонокосилка электрическая Huter CLM-36 Li (70/4/10),1250
Газонокосилка бензиновая Hyundai L 5300S,1846
Газонокосилка электрическая Huter ELM-1100 (70/4/2),326
Газонокосилка электрическая Huter ELM-1400Т (70/4/6),488
Газонокосилка бензиновая Huter GLM-4.0 (70/3/1),1086
Газонокосилка электрическая Greenworks GD82LM53,1459
Газонокосилка бензиновая Hyundai L 5520S,2007
Газонокосилка бензиновая Hyundai L 5110RS,2071
Газонокосилка электрическая Ресанта КР-1200 ЭП (70/4/15),367
Газонокосилка электрическая Ресанта КР-2000 ЭП (70/4/16),776
Газонокосилка электрическая Wortex CLM 3536 с АКБ и ЗУ (0311014),847
Газонокосилка электрическая Stiga SLM 544 AE (294424068/ST1),910
Газонокосилка бензиновая Huter GLM-4.0 G (70/3/3),972
Газонокосилка электрическая Daewoo Power DLM 4340Li,985
Газонокосилка бензиновая Fubag FPL 42 S / 31777,1058
Газонокосилка бензиновая Ресанта КР-5.0 БТ (70/3/12),1296
Газонокосилка бензиновая Ресанта КР-6.0 БТ (70/3/13),1684
Газонокосилка электрическая Husqvarna LC 247iX (967 86 22-01),1790
Газонокосилка электрическая Husqvarna LC 141VLi (967 09 92-01),1900
Газонокосилка электрическая Husqvarna 347iVX (967 86 23-01),2250
Газонокосилка электрическая Bosch AdvancedRotak 36-660 (0.600.8B9.606),2427
Газонокосилка электрическая Greenworks GC82LM46K5 (2502407UB),2772
Газонокосилка электрическая AL-KO Classic 3.82 SE (112856),462
Газонокосилка бензиновая Champion LM4627,918
Газонокосилка бензиновая Champion LM4122,654
Газонокосилка электрическая Bosch ARM 37 (0.600.8A6.201),718
Газонокосилка бензиновая Champion LM5131,1021
Газонокосилка электрическая Champion EM3313,309
Газонокосилка электрическая Champion EM3616,426
Газонокосилка электрическая Champion EM4118,528
Газонокосилка механическая AL-KO Razor Cut 38.1 HM Comfort  (113865),318
Газонокосилка бензиновая Champion LM4622,915
Газонокосилка механическая Champion MM4026,218
Газонокосилка бензиновая Honda HRG466C1SKEP,2684
Газонокосилка механическая Gardena 330 (04027-20),442
Газонокосилка бензиновая Champion LM5645,1495
Газонокосилка электрическая Bosch AdvancedRotak 660 (0.600.8B9.206),1043
Газонокосилка электрическая Gardena PowerMax 1100/32 (05031-20),393
Газонокосилка бензиновая Калибр ГКБС-4/510М (60129),
Газонокосилка электрическая Greenworks GLM1232 (2502207),351
Газонокосилка бензиновая DeWORKS L 50SP,1439
Газонокосилка бензиновая Efco LR48PBQ Comfort Plus (66119002ES),1239
Газонокосилка электрическая Einhell GE-CM 36 Li M Kit (3413063),1019
Газонокосилка электрическая PATRIOT PT 1132 E,323
Газонокосилка электрическая Daewoo Power DLM 1200E,306
Газонокосилка электрическая Champion EM3110,271
Газонокосилка электрическая Einhell GE-EM 1233 (3400192),368
Газонокосилка электрическая AL-KO Classic 3.22 SE (112805),296
Газонокосилка электрическая Диолд ГКЭ-2 / 10112020,
Газонокосилка электрическая Daewoo Power DLM 1900E,557
Газонокосилка электрическая Stiga Collector 136 AE Kit (291342068/ST1),805
Газонокосилка бензиновая PATRIOT PT 40,710
Газонокосилка бензиновая Champion LMH5640,1230
Газонокосилка электрическая Champion EM3815,431
Газонокосилка бензиновая Huter GLM-420LT (70/3/15),
Газонокосилка бензиновая Hyundai L4410S,1377
Газонокосилка бензиновая Champion LM5347EBS,1944
Газонокосилка электрическая Huter ELM-2000T (70/4/8),
Газонокосилка электрическая Диолд ГКЭ-1 / 10112010,
Газонокосилка бензиновая Honda HRG466С1SKEН,2460
Газонокосилка электрическая Husqvarna LC 141C (967 09 93-01),1265
Газонокосилка электрическая Greenworks GD40LM46HP (2514407),1276
Газонокосилка бензиновая Ресанта КР-5.0 БП (70/3/11),
Газонокосилка электрическая Husqvarna LC 353iVX (967 86 20-01),2550
Газонокосилка электрическая Denzel GM-2000 (96618),652
Газонокосилка электрическая Daewoo Power DLM 4040Li (без батареи),738
Газонокосилка бензиновая Hyundai L4410,1097
Газонокосилка бензиновая Stiga Collector 543 (2L0431048/ST2),1249
Газонокосилка бензиновая Hyundai L4710S,1577
Газонокосилка электрическая MTD Smart 32 E (18AKCAD-600),358
Газонокосилка бензиновая PATRIOT PT 42 LS (512109004),1029
Газонокосилка бензиновая PATRIOT PT 47 LS (512109014),1204
Газонокосилка электрическая Champion EMB400,635
Газонокосилка бензиновая Efco LR48PK Comfort Plus (66119060E5),1089
Газонокосилка электрическая Ставр ГКА-320/20,570
Газонокосилка электрическая Stiga SLM 540 AE (294386068/ST1),1329
Газонокосилка электрическая Ставр ГКЭ-1700,547
Газонокосилка электрическая Greenworks GС82LM46 (2502407),1418
Газонокосилка бензиновая Daewoo Power DLM 5100SVR,2355
Газонокосилка бензиновая PATRIOT PT 41 LM,845
Газонокосилка электрическая Greenworks G24LM33K2 (2509607),639
Газонокосилка бензиновая Fubag FPL 46 SM / 31778,1229
Газонокосилка бензиновая Hyundai L 4310S,1475
Газонокосилка электрическая Greenworks G40LM35 (2500067 / 2501907),707
Газонокосилка бензиновая PATRIOT PT 46S The One,1149
Газонокосилка электрическая Greenworks G40LM35K4 (2501907UB),1172
Газонокосилка бензиновая Hyundai L 4310,
Газонокосилка бензиновая Hyundai L 4600S,1728
Газонокосилка электрическая Makita DLM382PM2,1022
Газонокосилка бензиновая Daewoo Power DLM 48SP,1186
Газонокосилка бензиновая Hyundai L 5100M,
Газонокосилка бензиновая AL-KO Classic 4.66 SP-A Edition (119766),1500
Газонокосилка бензиновая DeWORKS L 48SP,1047
Газонокосилка электрическая Karcher LMO 18-33 Battery Set (1.444-401.0),1188
Газонокосилка электрическая Greenworks GD40LM46SP (2506807),1454
Газонокосилка электрическая Gardena PowerMax 1400/34 (05034-20),699
Газонокосилка электрическая Huter ELM-2000P (70/4/9),
Газонокосилка бензиновая Einhell GC-PM 40/1 (3404832),741
Газонокосилка электрическая Gardena PowerMax 1600/37 (05037-20),857
Газонокосилка электрическая Greenworks 40V G-MAX G40LM41 (2504707),1043
Газонокосилка бензиновая AL-KO 4.60 SP-S Easy (113795),1080
Газонокосилка бензиновая PATRIOT PT 42 BS (512109017),1239
Газонокосилка электрическая Greenworks Twin Force G40LM49DB (2500207),1428
Газонокосилка бензиновая Huter GLM-6.0 ST (70/3/7),
Газонокосилка бензиновая PATRIOT PT 47BS,1517
Газонокосилка бензиновая Daewoo Power DLM 5100SR,1570
Газонокосилка бензиновая Daewoo Power DLM 5100SP,1605
Газонокосилка бензиновая Huter GLM-6.0 S (70/3/8),
Газонокосилка бензиновая Daewoo Power DLM 5500SVE,2198
Газонокосилка электрическая Stiga Combi 753 SQ AE (2L0537878/ST1),2230
Газонокосилка электрическая Makita DLM460PT2,3017
Газонокосилка электрическая DeWORKS LE 1300,277
Газонокосилка электрическая СибрТех L1200 / 96607,325
Газонокосилка электрическая DWT RM10-32,397
Газонокосилка электрическая СибрТех L1500 / 96677,399
Газонокосилка электрическая Denzel GM-1200 (96615),415
Газонокосилка электрическая Denzel GM-1600 (96616),437
Газонокосилка электрическая Huter ELM-380T (70/4/17),
Газонокосилка электрическая Ресанта КР-1500 ЭТ (70/4/13),
Газонокосилка электрическая Einhell GE-HM 18/38 Li-Solo (3414200),507
Газонокосилка электрическая Einhell GE-CM 18/33 Li-Solo (3413266),534
Газонокосилка электрическая Wortex CLM 3536  (0311013),584
Газонокосилка электрическая Makita DLM382Z,584
Газонокосилка электрическая Makita DLM432Z,649
Газонокосилка электрическая Einhell GE-CM 36/34-1 Li-Solo (3413226),652
Газонокосилка электрическая Greenworks GLM1240 (2505207),719
Газонокосилка электрическая Stiga SLM 536 AE (294344068/ST1),778
Газонокосилка электрическая Gardena HandyMower 22/18V P4A без АКБ (14620-55),805
Газонокосилка электрическая Stiga SLM 540 AE (294384068/ST1),865
Газонокосилка электрическая AL-KO 34.8 Li Easy Flex (113540),869
Газонокосилка электрическая Gardena PowerMax Li-18/32 (05039-55),881
Газонокосилка бензиновая PATRIOT PT 51M,958
Газонокосилка бензиновая Калибр ГКБС-4/460М (60128),
Газонокосилка электрическая Greenworks G24X2LM41 (2512607),980
Газонокосилка электрическая Wortex CLM 3536 ALL1 (0311014A1),985
Газонокосилка электрическая Einhell GE-CM 36/37 Li,998
Газонокосилка бензиновая Efco LR 44 PK Comfort Plus (66109053E5),1069
Газонокосилка электрическая Gardena PowerMax 32/36V P4A (14621-55),1078
Газонокосилка электрическая Gardena HandyMower 22/18V P4A (14620-20),1107
Газонокосилка электрическая Stiga SLM 536 AE (294346068/ST1),1107
Газонокосилка бензиновая DeWORKS L 43P,1118
Газонокосилка бензиновая AL-KO 4.67 P-B Bio Edition (119794),1140
Газонокосилка бензиновая Denzel GLD-460 (58802),1191
Газонокосилка электрическая AL-KO Moweo 3.85 Li (113278),1238
Газонокосилка бензиновая Huter GLM-5.0L (70/3/9),
Газонокосилка бензиновая Denzel GLD-460SP (58803),1284
Газонокосилка электрическая Gardena PowerMax Li-18/32 (05039-20),1302
Газонокосилка электрическая Einhell GE-CM 36 Li Kit (3413060),1366
Газонокосилка бензиновая Fubag FPL 53 SM / 41004,1383
Газонокосилка бензиновая Мобил К Комфорт XM461 / MBK0024697,1390
Газонокосилка электрическая Greenworks GD60LM46HP (2502807),1406
Газонокосилка электрическая AL-KO Comfort 46.4 E (113103),1463
Газонокосилка бензиновая PATRIOT PT 595,1480
Газонокосилка электрическая Greenworks GM-210 (2502007),1492
Газонокосилка электрическая Karcher LMO 18-36 Battery Set (1.444-421.0),1497
Газонокосилка бензиновая Huter GLM-530SX (70/3/16),
Газонокосилка электрическая Husqvarna LC 141Li (967 62 84-01),1500
Газонокосилка электрическая Daewoo Power DLM 5140Li,1513
Газонокосилка электрическая Gardena PowerMax Li-40/32 (05033-20),1517
Газонокосилка бензиновая Fubag FPL 46 SM ES / 41050,1528
Газонокосилка бензиновая Мобил К Комфорт XM511 / MBK0024700,1550
Газонокосилка бензиновая Fubag FPL 53 SMV / 31779,1569
Газонокосилка электрическая Greenworks GD40LM46HP (2514407UB),1577
Газонокосилка электрическая Gardena PowerMax 32/36V P4A (14621-20),1605
Газонокосилка бензиновая DeWORKS L 60SP,1640
Газонокосилка бензиновая DeWORKS L 48SPB,1676
Газонокосилка электрическая AL-KO Moweo 46.5 Li (119706),1680
Газонокосилка бензиновая PATRIOT PT 55LS,1689
Газонокосилка бензиновая Einhell GC-PM 51/2 S HW-E (3404355),1712
Газонокосилка бензиновая Denzel GLD-520SP (58804),1728
Газонокосилка электрическая Greenworks GD60LM46SP (2502907),1757
Газонокосилка бензиновая Мобил К Про XM461 / MBK0024703,1790
Газонокосилка электрическая Worx WG751Е,1802
Газонокосилка электрическая Bosch AdvancedRotak (0.600.8B9.608),1837
Газонокосилка электрическая Metabo RM 36-18 LTX BL 46 (601606850),1840
Газонокосилка электрическая Greenworks GD40LM46SPK4 (2506807UB),1918
Газонокосилка электрическая Greenworks GD40LM48SP (2517407),1961
Газонокосилка электрическая Gardena PowerMax Li-40/37 (05038-20),1970
Газонокосилка электрическая Greenworks GC82LM51SP2 82В (2515907),1970
Газонокосилка бензиновая Мобил К Про XM511 / MBK0024706,2150
Газонокосилка бензиновая Stiga Combi 753 SE (2L0536548/ST2),2190
Газонокосилка бензиновая AL-KO Premium 520 SP-H (119969),2243
Газонокосилка электрическая Karcher LMO 36-46 Battery Set (1.444-470.0),2364
Газонокосилка электрическая Husqvarna LB 256SP (970 48 85-01),2415
Газонокосилка электрическая Worx WG749E,2446
Газонокосилка бензиновая Hanskonner HPL5116BS,
Газонокосилка электрическая Greenworks TwinForce 2515607 (без АКБ и ЗУ),2729
Газонокосилка электрическая Makita DLM530Z,2926
Газонокосилка электрическая Husqvarna LC 347iVX KIT (967 86 23-09),3100
Газонокосилка электрическая Makita DLM462Z,3113
Газонокосилка электрическая Greenworks GC82LM51SP2 (2515907UB),3198
Газонокосилка электрическая Husqvarna LC 353iVX KIT (967 86 20-09),3900
Газонокосилка бензиновая Husqvarna LC 451V (967 09 95-02),4128
Газонокосилка-робот Husqvarna Automower 430X (967 85 28-11),13800
Райдер Husqvarna R 115C (967 25 27-02),14835
Газонокосилка-робот Husqvarna Automower 450X (967 85 30-11),18975
Газонокосилка-робот Husqvarna Automower 435X AWD (967 85 33-11),20585
Райдер Husqvarna Z 448 (967 98 46-02),35075
Газонокосилка электрическая PATRIOT CM 432,789
Газонокосилка бензиновая Oasis GB-15H,876
Газонокосилка бензиновая Oasis GB-27 (H),1101
Газонокосилка электрическая Karcher LMO 18-36 Battery Set + Триммер LTR 18-30 Battery (9.817-101.0),1399
Газонокосилка бензиновая Champion LM5345BS,1571
Газонокосилка бензиновая Champion LM5347BS,1596
Газонокосилка электрическая Greenworks G40LM49DBK4 (2500207VB),1876
Газонокосилка электрическая Greenworks GD60LM46HPK4 (2502807UB),2068
Газонокосилка электрическая Karcher LMO 36-46 Battery Set + Триммер LTR 36-33 Battery 9.817-103.0 (без аккумулятора),2350
Газонокосилка электрическая Greenworks GD60LM46SPK4 (2502907UB),2494
Газонокосилка электрическая Greenworks GC82LM51K5 (2502007UB),2750
Газонокосилка-робот Gardena Sileno City 250 (15001-33),3853
Газонокосилка электрическая Oasis GE-140,
Газонокосилка бензиновая Eco LG-735,
Газонокосилка электрическая Makita ELM4120,
Газонокосилка электрическая Skiper EL3215,
Газонокосилка бензиновая Oasis GB-32H GT,
Газонокосилка электрическая Stiga Collector 35 E (297330068/ST1),
Газонокосилка электрическая Wortex LM 3213 P (LM3213P0003),
Газонокосилка электрическая Skiper EL3820,
Газонокосилка бензиновая Oasis GB-20,
Газонокосилка механическая AL-KO Razor Cut 28.1 HM Easy (113864),
Газонокосилка электрическая Oasis GE-12,
Газонокосилка бензиновая Stiga Dino 47 (292470048/ST1),
Газонокосилка бензиновая Skiper GW400,
Газонокосилка бензиновая Skiper GW510S,
Газонокосилка электрическая Stiga Collector 132 AE (291302068/ST1),
Газонокосилка электрическая Einhell GC-EM 1536 (3400150),
Газонокосилка бензиновая Oasis GB-15,
Газонокосилка бензиновая AL-KO Comfort 46.0 SP-A (119936),
Газонокосилка механическая Einhell GC-HM 300 (3414114),
Газонокосилка электрическая Makita ELM4121,
Газонокосилка бензиновая Makita PLM4628N,
Газонокосилка бензиновая Stiga Twinclip 50 SQ H (294512838/ST1),
Газонокосилка электрическая Makita DLM 460 Z + 2 аккумулятора (DLM460ZA2),
Газонокосилка электрическая Ryobi RY18LMX40A-150 (5133004585),
Газонокосилка механическая Bosch AHM 30 (0.600.886.001),
Газонокосилка электрическая Oasis GE-170,
Газонокосилка бензиновая Stiga Combi 53 SQ (2L0536848/ST1),
Газонокосилка бензиновая Stiga Combi 55 SVEQ H (294557538/ST1),
Газонокосилка электрическая Einhell GC-EM 1032 (3400257),
Газонокосилка механическая Stiga SCM 240 R (290401208/S15),
Газонокосилка электрическая Bosch ARM 34 (0.600.8A6.101),
Газонокосилка бензиновая Husqvarna LC 140P (970 48 81-01),
Газонокосилка электрическая Daewoo Power DLM 2300E,
Газонокосилка бензиновая PATRIOT PT 46,
Газонокосилка бензиновая AL-KO Classic 4.66 P-A Edition (119765),
Газонокосилка электрическая Stiga Combi 40 E (294380068/ST1),
Газонокосилка электрическая Ryobi RLM3313 (5133004341),
Газонокосилка бензиновая Daewoo Power DLM 50SP,
Газонокосилка бензиновая Husqvarna LС 356VP (967 98 88-01),
Газонокосилка электрическая PATRIOT PT 1433E,
Газонокосилка электрическая Bosch AdvancedRotak 770 (0.600.8B9.307),
Газонокосилка электрическая Ryobi RY36LMMX51A-140 (5133004591),
Газонокосилка электрическая PATRIOT CM 435XL,
Газонокосилка электрическая Einhell GE-CM 36/37 Li-Solo (3413172),
Газонокосилка электрическая MTD Optima 42 E (18AKPJL-600),
Газонокосилка бензиновая Makita PLM5600N2,
Газонокосилка бензиновая Stiga Multiclip 47 S (298472048/ST1),
Газонокосилка электрическая Ryobi RLM36X41H40 (5133002806),
Газонокосилка электрическая Einhell GC-EM 1030 (3400122),
Газонокосилка бензиновая Husqvarna LС 151S (970 48 84-01),
Газонокосилка бензиновая Hyundai L 5500S,
Газонокосилка электрическая PATRIOT PT 2043E,
Газонокосилка бензиновая Fubag FPL 42 / 31775,
Газонокосилка бензиновая PATRIOT PT 520,
Газонокосилка бензиновая Makita PLM4120N,
Газонокосилка электрическая PATRIOT PT 1634E,
Газонокосилка бензиновая Daewoo Power DLM 5500SV,
Райдер Stiga Combi 1066 HQ (2T0070481/ST1),
Газонокосилка электрическая Greenworks GLM1241 (2505207),
Газонокосилка-робот Greenworks Optimow 10 (2505507),
Райдер Cub Cadet LT2 NR92 (13I271DE603),
Райдер Cub Cadet XT2 QR106 (13BFA1CR603),
Газонокосилка-робот Gardena Sileno City 250 (15001-32),
Газонокосилка бензиновая Honda HRX476C2VKEH,
Газонокосилка бензиновая Einhell GC-PM 56/2 S HW (3404860),
Райдер MTD Minirider 60 SDE (13AA26JC600),
Райдер Cub Cadet XZ2 127 (17AICBYQ603),
Газонокосилка-робот Einhell GC-RM 500 (3413930),
Газонокосилка бензиновая Husqvarna LC 140SP (970 48 82-01),
Газонокосилка-робот Einhell Freelexo (3413940),
Газонокосилка бензиновая DeWORKS L 55SP,
Газонокосилка электрическая Ryobi RLM36X46H5P (5133002811),
Газонокосилка электрическая Denzel GM-1800 (96617),
Газонокосилка электрическая Bosch EasyRotak 36-550 (0.600.8B9.B00),
Газонокосилка бензиновая Einhell GC-PM 51/3 S HW (3404333),
Газонокосилка электрическая Einhell GE-CM 36/47 S HW Li (3413200),
Газонокосилка электрическая Greenworks GD60LM51SP (2514307),
Райдер Stiga Estate 2398 HW / 2T2630481/ST1,
Газонокосилка бензиновая Champion LM5127,
Газонокосилка электрическая Daewoo Power DLM 5580Li,
Газонокосилка электрическая Einhell GE-CM 18/32 Li-Solo (3413256),
Райдер Stiga Park 120 (2F5820241/S16),
Газонокосилка электрическая Worx WG713E,
Газонокосилка бензиновая Калибр ГКБС-4/450 (60132),
Газонокосилка электрическая Denzel RLM450-36 (58910),
Газонокосилка электрическая Einhell GE-CM 18/33 Li (3413260),
Газонокосилка бензиновая Eco LG-433,
Газонокосилка электрическая Bosch AdvancedRotak 36-850 (0.600.8B9.805),
Газонокосилка бензиновая Efco AR 53 TBX Allroad Aluminium (66069101Е1S),
Райдер Stiga Combi 2072 H (2T0210481/ST1),
Газонокосилка бензиновая Einhell GC-PM 51/2 S HW B&S (3404340),
Газонокосилка бензиновая AL-KO Premium Plus 520 SP-B (119975),
Газонокосилка бензиновая Honda HRX537C5VKE,
Газонокосилка бензиновая Honda HRN536CVKEA,
Газонокосилка бензиновая Honda HRN536CVYEA,
Газонокосилка бензиновая Makita PLM4630N2,
Газонокосилка электрическая Ryobi RY18LMX37A-0 (5133004597),
Газонокосилка-робот Gardena Sileno City 500 (15002-32),
Газонокосилка бензиновая Honda HRX537C5VYE,
Газонокосилка-робот Gardena Sileno Life 1000 (15102-32),
Газонокосилка электрическая Champion EM4217,
Газонокосилка бензиновая AL-KO Comfort 51.0 SP-А (119944),
Газонокосилка-робот Robomow RS635 Pro SV,
Газонокосилка бензиновая Honda HRX537C5HZE,
Газонокосилка бензиновая AL-KO Premium 520 VS-B (119949),
Газонокосилка бензиновая AL-KO Premium 520 VSI-B (119948),
Газонокосилка электрическая Ryobi RY18LMX37A-150 (5133004582),
Газонокосилка электрическая Sturm! EL1432,
Газонокосилка электрическая Ryobi RY18LMX40A-0 (5133004584),
Газонокосилка электрическая Makita DLM532Z,
Газонокосилка электрическая Husqvarna LC 141i Kit (967 62 84-05),
Газонокосилка электрическая Efco LR 48 PE Comfort plus (66139050S),
Райдер Stiga Estate 2084 H (2T2120481/ST1),
Газонокосилка бензиновая Fubag FPL 53 SM ES / 41051,
Газонокосилка бензиновая Fubag FPL 53 SMV ES / 41052,
Газонокосилка бензиновая Honda HRS536C5VKEA,
